"A 행정구역별",Y2007 2007,Y2008 2008,Y2009 2009,Y2010 2010,Y2011 2011,Y2012 2012,Y2013 2013,Y2014 2014,Y2015 2015,Y2016 2016,Y2017 2017,Y2018 2018,Y2019 2019,Y2020 2020,Y2021 2021
"A 행정구역별",T10 대학교 교원수<br>(A+B+C+D),T10 대학교 교원수<br>(A+B+C+D),T10 대학교 교원수<br>(A+B+C+D),T10 대학교 교원수<br>(A+B+C+D),T10 대학교 교원수<br>(A+B+C+D),T10 대학교 교원수<br>(A+B+C+D),T10 대학교 교원수<br>(A+B+C+D),T10 대학교 교원수<br>(A+B+C+D),T10 대학교 교원수<br>(A+B+C+D),T10 대학교 교원수<br>(A+B+C+D),T10 대학교 교원수<br>(A+B+C+D),T10 대학교 교원수<br>(A+B+C+D),T10 대학교 교원수<br>(A+B+C+D),T10 대학교 교원수<br>(A+B+C+D),T10 대학교 교원수<br>(A+B+C+D)
"00 전국",67493,69380,69847,71257,73684,76199,77208,78467,79620,79369,80815,80636,79407,79405,80684
"11 서울특별시",15245,15498,15870,17150,17468,18276,18740,18949,19159,19219,19654,19821,19638,19598,19999
"11010 종로구",568,587,564,1401,1426,1465,1510,1506,1532,1541,1531,1549,1536,1555,1579
"11020 중구",502,529,559,615,616,623,631,643,647,634,667,665,646,653,668
"11030 용산구",645,353,355,389,401,404,410,402,399,414,414,415,411,414,403
"11040 성동구",962,989,998,1038,1054,1072,995,1063,1106,1109,1073,1112,1116,1077,1126
"11050 광진구",814,861,861,892,909,953,1017,1106,1130,1127,1163,1211,1194,1137,1142
"11060 동대문구",1020,1086,1092,1184,1166,1523,1584,1827,1827,1913,2075,2064,2076,2056,2112
"11070 중랑구",132,134,155,154,161,180,186,177,174,173,174,174,170,169,167
"11080 성북구",2366,2503,2558,2580,2630,2713,2904,2717,2747,2762,2759,2752,2732,2775,2865
"11100 도봉구",152,156,168,176,182,180,188,192,200,192,196,197,188,183,226
"11110 노원구",1045,1051,1105,1168,1192,1236,1261,1276,1281,1294,1322,1301,1264,1291,1350
"11120 은평구",21,22,22,22,23,23,24,26,26,26,27,28,27,24,24
"11130 서대문구",2357,2472,2453,2462,2496,2613,2654,2623,2636,2645,2890,2921,2862,2867,2934
"11140 마포구",683,728,737,737,753,759,783,821,823,812,781,782,774,797,804
"11160 강서구",38,40,40,42,44,46,50,50,52,48,46,43,47,48,57
"11170 구로구",254,270,278,272,278,276,271,273,281,288,282,291,276,280,278
"11200 동작구",1036,1083,1094,1161,1225,1295,1337,1360,1417,1424,1444,1506,1475,1480,1488
"11210 관악구",1558,1550,1747,1766,1814,1822,1835,1802,1806,1735,1726,1718,1751,1692,1645
"11220 서초구",983,978,979,987,990,983,990,973,963,972,971,977,978,989,1015
"11240 송파구",109,106,105,104,108,110,110,112,112,110,113,115,115,111,116
"21 부산광역시",5917,6006,6004,6129,6349,6671,6819,6972,6969,6905,6902,6790,6642,6287,6317
"21040 영도구",450,458,470,470,481,521,538,534,544,542,545,551,532,546,553
"21050 부산진구",1170,1217,1247,1344,1398,1459,1466,1506,1457,1449,1422,1420,1400,792,776
"21070 남구",1353,1368,1369,1401,1447,1521,1558,1336,1339,1345,1342,1316,1316,1319,1363
"21080 북구",134,129,131,121,128,131,135,129,124,123,122,116,113,116,116
"21090 해운대구",152,158,164,155,185,204,200,192,196,192,212,192,178,152,142
"21100 사하구",672,677,671,690,745,821,880,907,902,879,882,860,806,764,775
"21110 금정구",1109,1082,1012,1012,1017,1053,1072,1341,1344,1325,1330,1308,1283,1579,1558
"21130 연제구",146,150,136,143,157,154,154,164,169,168,162,153,154,168,168
"21150 사상구",731,767,804,793,791,807,816,863,894,882,885,874,860,851,866
"22 대구광역시",2849,2845,2705,2657,2591,2707,2847,2843,2895,2874,2861,3193,3209,3146,3087
"22010 중구",,,15,14,,,,,,,,,,,
"22040 남구",532,534,516,364,238,247,247,247,254,249,242,235,239,235,230
"22050 북구",1421,1405,1234,1270,1315,1352,1461,1435,1437,1430,1428,1751,1775,1751,1707
"22060 수성구",91,77,88,94,96,97,94,95,100,97,99,92,86,84,85
"22070 달서구",805,829,852,915,942,1011,1045,1052,1090,1081,1072,1094,1088,1066,1055
"22310 달성군",,,,,,,,14,14,17,20,21,21,10,10
"23 인천광역시",1822,1894,1588,1620,1633,1542,1559,1572,1619,1652,1623,1651,1639,1641,1845
"23020 동구",82,78,96,100,101,106,105,108,107,110,110,101,98,97,100
"23030 남구",1233,1292,1121,733,753,781,785,768,784,783,777,770,,,
"23040 연수구",,,,392,525,387,389,413,444,476,470,489,496,502,503
"23070 계양구",198,199,211,221,219,230,237,245,247,245,243,251,246,250,245
"23090 미추홀구",,,,,,,,,,,,,758,755,950
"23310 강화군",309,325,160,174,35,38,43,38,37,38,23,40,41,37,47
"24 광주광역시",2954,2999,3031,3048,3105,3227,3237,3377,3416,3384,3377,3360,3294,3291,3501
"24010 동구",840,865,890,862,872,904,912,980,964,950,945,968,930,893,949
"24030 남구",366,366,358,359,357,381,372,393,437,436,435,424,406,430,415
"24040 북구",1255,1251,1250,1265,1307,1337,1353,1360,1358,1357,1359,1340,1341,1350,1483
"24050 광산구",493,517,533,562,569,605,600,644,657,641,638,628,617,618,654
"25 대전광역시",3282,3369,3248,3248,3886,4030,4049,4142,4209,4211,4450,4517,4479,4480,4609
"25010 동구",679,726,764,795,860,900,899,907,911,945,985,1012,969,959,974
"25020 중구",254,255,258,268,266,269,264,266,266,256,259,266,279,270,305
"25030 서구",752,782,794,768,825,889,911,966,1002,985,991,994,972,978,982
"25040 유성구",1272,1271,1074,1059,1563,1575,1573,1584,1595,1592,1789,1823,1841,1846,1890
"25050 대덕구",325,335,358,358,372,397,402,419,435,433,426,422,418,427,458
"26 울산광역시",1067,1137,1229,1292,1374,1425,1449,1516,1552,1552,1586,1597,1612,1627,1620
"26020 남구",894,947,992,1009,1052,1068,1055,1088,1093,1086,1097,1117,1114,1114,1099
"26030 동구",122,135,136,139,141,143,146,147,141,139,138,138,138,144,149
"26310 울주군",51,55,101,144,181,214,248,281,318,327,351,342,360,369,372
"29 세종특별자치시",,,,,,,547,529,536,566,556,544,535,531,465
"31 경기도",9177,9977,10222,9774,10044,10251,10317,10238,10396,10330,10658,10654,10484,10541,10683
"31010 수원시",1718,1832,1841,1104,1121,1162,1253,1277,1292,1291,1339,1398,1365,1390,1439
"31020 성남시",828,840,838,878,887,1031,1093,1120,1121,1103,1329,1357,1338,1348,1364
"31030 의정부시",252,289,301,303,311,317,325,300,310,293,289,287,272,265,285
"31040 안양시",553,579,611,635,652,690,690,700,703,692,718,666,658,681,720
"31050 부천시",512,581,610,620,642,668,674,679,678,657,656,652,645,638,666
"31070 평택시",237,249,247,257,261,283,287,288,292,302,316,307,297,289,295
"31080 동두천시",13,25,29,46,60,57,22,40,46,47,42,47,79,82,80
"31090 안산시",572,594,610,646,678,688,694,709,731,733,712,704,692,690,710
"31100 고양시",137,145,149,150,147,155,169,167,168,166,177,186,179,181,178
"31130 남양주시",,,,,,,,,183,176,176,178,174,173,170
"31140 오산시",253,280,289,285,284,302,321,316,312,313,304,307,304,309,317
"31150 시흥시",209,228,236,245,284,297,308,325,334,351,385,383,372,370,364
"31160 군포시",91,95,100,98,108,107,111,120,122,120,120,121,119,115,109
"31170 의왕시",86,81,81,91,89,82,84,87,87,87,90,89,89,85,84
"31190 용인시",1297,1670,1728,1781,1808,1462,1506,1294,1339,1330,1330,1304,1291,1331,1338
"31200 파주시",24,32,53,62,62,64,56,55,56,49,51,48,46,44,38
"31210 이천시",127,136,136,145,147,150,150,147,151,154,158,155,157,159,167
"31220 안성시",592,603,602,589,579,594,609,582,573,590,577,592,587,585,555
"31230 김포시",91,89,90,92,90,112,112,112,113,115,114,110,108,104,99
"31240 화성시",667,678,673,718,753,896,974,974,944,941,929,887,838,797,784
"31250 광주시",123,129,138,137,136,138,136,138,140,137,137,131,134,137,130
"31260 양주시",46,52,67,76,86,92,105,146,175,180,181,210,218,252,281
"31270 포천시",575,601,623,644,676,726,457,477,341,326,343,346,333,321,320
"31280 여주시",,,,,,,,154,149,142,151,155,157,163,160
"31320 경기 여주군",128,127,128,133,152,151,156,,,,,,,,
"31380 양평군",46,42,42,39,31,27,25,31,36,35,34,34,32,32,30
"32 강원도",3745,3770,3830,3743,3828,3901,3925,4055,4012,4020,4085,3892,3849,3773,3690
"32010 춘천시",1669,1680,1721,1620,1603,1622,1610,1624,1660,1632,1636,1606,1607,1593,1507
"32020 원주시",717,732,837,839,865,890,920,964,976,1027,1027,1024,1012,1009,1049
"32030 강릉시",879,873,795,798,825,830,843,943,865,847,923,863,846,820,822
"32040 동해시",89,82,82,84,104,100,99,87,75,74,66,,,,
"32050 태백시",29,36,29,29,31,32,38,37,37,38,37,30,28,24,10
"32060 속초시",55,58,53,53,50,43,36,26,4,,,,,,
"32070 삼척시",185,183,185,189,194,196,191,191,192,198,202,203,197,197,192
"32320 횡성군",29,30,30,34,53,53,43,41,47,48,45,48,49,47,47
"32330 영월군",26,27,28,25,27,29,29,29,27,27,28,28,30,30,30
"32400 고성군",67,69,70,72,76,106,116,113,129,129,121,90,80,53,33
"33 충청북도",2971,3014,3041,3054,3182,3433,3400,3522,3572,3535,3555,3539,3340,3314,3369
"33010 충북 청주시",1324,1341,1330,1305,1343,1408,1411,1423,,,,,,,
"33020 충주시",648,662,687,700,714,748,594,685,681,680,696,686,559,576,587
"33030 제천시",278,291,297,303,306,333,383,380,375,367,373,368,358,346,364
"33040 청주시",,,,,,,,,1918,1904,1902,1877,1838,1833,1869
"33310 충북 청원군",432,429,423,430,436,440,451,452,,,,,,,
"33330 옥천군",28,30,30,30,30,30,29,28,30,30,30,31,31,31,31
"33340 영동군",122,122,109,106,129,129,133,133,134,137,139,161,153,136,126
"33360 괴산군",,,28,43,60,88,127,149,160,169,159,156,146,139,146
"33370 음성군",139,139,137,137,164,257,272,272,274,248,256,260,255,253,246
"34 충청남도",4809,4969,5245,5431,5559,5792,5377,5650,5858,5760,5761,5618,5536,5519,5650
"34010 천안시",1511,1592,1674,1761,1823,1926,1973,2093,2200,2173,2155,2129,2062,2047,2093
"34020 공주시",696,698,706,712,712,715,634,637,639,640,634,641,646,636,639
"34030 보령시",29,28,28,26,27,29,29,29,29,30,32,31,30,27,29
"34040 아산시",1271,1307,1418,1488,1520,1558,1591,1626,1690,1719,1757,1653,1645,1660,1728
"34050 서산시",227,233,234,240,236,240,250,300,289,265,248,253,250,252,255
"34060 논산시",206,210,219,218,214,218,214,217,197,188,181,168,162,152,145
"34080 당진시",,,,,,112,114,131,174,119,119,118,121,119,116
"34310 금산군",175,167,189,192,226,291,300,304,319,297,291,290,287,301,318
"34320 충남 연기군",384,407,431,435,442,448,,,,,,,,,
"34330 부여군",,,,,,,,27,27,27,26,27,28,30,29
"34350 청양군",26,29,29,30,30,31,32,32,33,33,33,33,33,33,33
"34360 홍성군",189,197,213,223,220,224,240,254,261,269,285,275,272,262,265
"34390 충남 당진군",95,101,104,106,109,,,,,,,,,,
"35 전라북도",3171,3203,3255,3272,3358,3512,3434,3357,3513,3451,3750,3596,3510,3576,3615
"35010 전주시",1245,1315,1307,1306,1288,1349,1343,1364,1395,1401,1623,1661,1630,1651,1693
"35020 군산시",567,578,600,613,597,626,629,652,664,671,660,630,603,615,588
"35030 익산시",776,741,759,761,822,876,856,814,827,801,829,831,809,817,843
"35040 정읍시",33,30,30,48,34,49,47,48,48,46,49,49,51,50,50
"35050 남원시",136,133,132,104,181,149,114,59,152,125,176,,,,
"35060 김제시",25,24,24,23,26,31,18,4,,,,,,,
"35310 완주군",352,346,361,377,360,386,379,386,377,355,356,370,364,390,391
"35350 임실군",37,36,42,40,50,46,48,30,50,52,57,55,53,53,50
"36 전라남도",2119,2162,2179,2200,2375,2194,2170,2184,2138,2189,2190,2203,2140,2097,2076
"36010 목포시",211,210,214,215,215,217,212,212,210,214,215,219,217,213,215
"36020 여수시",214,223,222,221,219,212,207,210,213,204,205,200,197,193,195
"36030 순천시",490,498,505,504,502,471,476,470,470,472,472,470,473,469,473
"36040 나주시",304,302,305,302,312,309,311,342,352,356,361,363,358,347,334
"36060 광양시",111,118,121,145,228,152,127,137,133,132,131,124,108,87,76
"36310 담양군",42,53,53,52,50,50,51,51,50,47,48,46,46,45,45
"36320 곡성군",85,88,93,108,114,113,115,111,109,111,112,114,103,105,104
"36380 장흥군",9,,,,,,,,,,,,,,
"36390 강진군",83,91,95,76,84,,,,,,,,,,
"36410 영암군",164,174,172,167,206,224,227,206,157,210,212,215,202,195,184
"36420 무안군",393,392,386,400,433,433,428,429,429,428,419,437,424,430,438
"36440 영광군",13,13,13,10,12,13,16,16,15,15,15,15,12,13,12
"37 경상북도",4642,4754,4841,4994,5320,5531,5597,5776,5901,5822,5786,5640,5553,5437,5463
"37010 포항시",476,483,500,454,444,447,451,482,499,500,511,519,509,511,515
"37020 경주시",744,749,731,647,666,702,709,719,710,679,650,612,584,579,553
"37030 김천시",121,124,129,139,151,161,194,200,194,176,198,197,190,176,172
"37040 안동시",434,434,438,427,439,441,417,426,426,422,418,423,415,409,412
"37050 구미시",412,426,448,479,515,524,535,566,572,548,565,555,557,551,554
"37060 영주시",193,191,188,194,195,222,228,250,240,231,233,232,228,223,225
"37070 영천시",40,40,43,42,45,47,46,44,45,41,40,44,49,49,42
"37080 상주시",129,112,112,116,116,97,,,,,,,,,
"37090 문경시",23,24,25,28,28,28,30,30,30,31,30,32,31,31,32
"37100 경산시",1927,2040,2109,2350,2580,2710,2837,2915,3039,3051,3006,2896,2864,2789,2840
"37370 고령군",19,6,2,,,,,,,,,,,,
"37390 칠곡군",94,95,86,88,111,122,118,113,114,111,104,100,97,90,89
"37400 예천군",30,30,30,30,30,30,32,31,32,32,31,30,29,29,29
"38 경상남도",2921,2978,2757,2844,2901,2994,3032,3047,3119,3126,3261,3260,3202,3812,3806
"38010 경남 창원시",402,397,398,423,,,,,,,,,,,
"38020 경남 마산시",552,556,560,582,,,,,,,,,,,
"38030 진주시",1195,1239,1099,1102,1130,1142,1143,1140,1148,1150,1303,1307,1293,1271,1270
"38070 김해시",379,400,408,421,445,447,476,476,544,534,538,539,518,1147,1129
"38080 밀양시",94,97,,,,,,,,,,,,,
"38090 거제시",35,35,41,42,44,46,44,45,46,44,44,41,42,40,38
"38100 양산시",209,202,197,206,193,185,190,189,189,194,172,174,170,163,163
"38110 창원시",,,,,1021,1107,1109,1121,1115,1127,1127,1123,1103,1115,1131
"38310 의령군",3,,,,,,,,,,,,,,
"38350 남해군",23,23,24,24,25,25,25,25,25,24,24,24,25,25,25
"38390 거창군",29,29,30,44,43,42,45,51,52,53,53,52,51,51,50
"39 제주특별자치도",802,805,802,801,711,713,709,738,756,773,760,761,745,735,889
"39010 제주시",777,780,777,778,691,713,709,738,756,773,760,761,745,735,889
"39020 서귀포시",25,25,25,23,20,,,,,,,,,,
