,기준년도,학교종류,설립구분,지역,상태,학교,입학정원,정원내(모집인원),정원내(지원자),정원내 입학자(남),정원내 입학자(여),정원내 신입생 충원율(정원내 입학자/정원내 모집인원),경쟁률(정원내 지원자/정원내 모집인원)
0,2019,대학교,사립,경남,기존,가야대학교(김해) ,633.0,638.0,3241.0,303.0,258.0,87.9,5.1
1,2019,대학교,사립,경기,기존,가천대학교 ,3766.0,3771.0,67323.0,1902.0,1867.0,99.9,17.9
2,2019,대학교,사립,강원,기존,가톨릭관동대학교 ,2080.0,2092.0,10126.0,1302.0,783.0,99.7,4.8
3,2019,대학교,사립,충북,기존,가톨릭꽃동네대학교 ,108.0,108.0,417.0,43.0,64.0,99.1,3.9
4,2019,대학교,사립,경기,기존,가톨릭대학교 ,1472.0,1481.0,13102.0,613.0,864.0,99.7,8.8
5,2019,대학교,사립,서울,기존,가톨릭대학교 _제2캠퍼스,173.0,173.0,4452.0,81.0,92.0,100.0,25.7
6,2019,대학교,사립,서울,기존,가톨릭대학교 _제3캠퍼스,50.0,50.0,60.0,41.0,9.0,100.0,1.2
7,2019,대학교,사립,서울,기존,감리교신학대학교 ,200.0,206.0,317.0,127.0,69.0,95.1,1.5
8,2019,대학교,사립,경기,기존,강남대학교 ,1491.0,1506.0,13050.0,681.0,811.0,99.1,8.7
9,2019,대학교,국립,강원,기존,강릉원주대학교 ,1344.0,1348.0,7417.0,731.0,613.0,99.7,5.5
10,2019,대학교,국립,강원,기존,강릉원주대학교 _제2캠퍼스,489.0,490.0,3156.0,276.0,211.0,99.4,6.4
11,2019,대학교,국립,강원,기존,강원대학교 ,2958.0,2974.0,20962.0,1674.0,1285.0,99.5,7.0
12,2019,대학교,국립,강원,기존,강원대학교 _제2캠퍼스,1529.0,1538.0,9524.0,983.0,538.0,98.9,6.2
13,2019,대학교,사립,서울,기존,건국대학교 ,3000.0,3013.0,51707.0,1665.0,1310.0,98.7,17.2
14,2019,대학교,사립,충북,기존,건국대학교(글로컬) _분교,1549.0,1561.0,16736.0,732.0,825.0,99.7,10.7
15,2019,대학교,사립,충남,기존,건양대학교 ,875.0,879.0,5524.0,430.0,443.0,99.3,6.3
16,2019,대학교,사립,대전,기존,건양대학교 _제2캠퍼스,838.0,838.0,6967.0,277.0,560.0,99.9,8.3
17,2019,사이버대학(대학),사립,대전,기존,건양사이버대학교 ,900.0,900.0,1143.0,181.0,622.0,89.2,1.3
18,2019,대학교,사립,경기,기존,경기대학교 ,2598.0,2600.0,24847.0,1212.0,1385.0,99.9,9.6
19,2019,대학교,사립,서울,기존,경기대학교 _제2캠퍼스,328.0,330.0,7225.0,91.0,238.0,99.7,21.9
20,2019,대학교,국립,경남,폐교,경남과학기술대학교 ,1206.0,1211.0,6047.0,746.0,460.0,99.6,5.0
21,2019,대학교,사립,경남,기존,경남대학교 ,2875.0,2901.0,13220.0,1823.0,1061.0,99.4,4.6
22,2019,대학교,사립,강원,기존,경동대학교 ,160.0,161.0,671.0,129.0,32.0,100.0,4.2
23,2019,대학교,사립,강원,기존,경동대학교 _제3캠퍼스,915.0,918.0,5595.0,222.0,695.0,99.9,6.1
24,2019,대학교,사립,경기,기존,경동대학교 _제4캠퍼스,710.0,713.0,4666.0,390.0,321.0,99.7,6.5
25,2019,대학교,국립,대구,기존,경북대학교 ,4614.0,4640.0,51434.0,2683.0,1945.0,99.7,11.1
26,2019,대학교,국립,경남,기존,경상국립대학교 ,3032.0,3034.0,19274.0,1632.0,1397.0,99.8,6.4
27,2019,대학교,사립,부산,기존,경성대학교 ,2740.0,2748.0,22694.0,1202.0,1538.0,99.7,8.3
28,2019,대학교,사립,경북,기존,경운대학교 ,1184.0,1184.0,8073.0,708.0,476.0,100.0,6.8
29,2019,교육대학,국립,인천,기존,경인교육대학교 ,598.0,599.0,2345.0,134.0,463.0,99.7,3.9
30,2019,대학교,사립,경북,기존,경일대학교 ,1584.0,1585.0,11391.0,1078.0,507.0,100.0,7.2
31,2019,대학교,사립,경북,기존,경주대학교 ,762.0,781.0,1047.0,100.0,60.0,20.5,1.3
32,2019,대학교,사립,서울,기존,경희대학교 ,4720.0,4744.0,87426.0,2328.0,2393.0,99.5,18.4
33,2019,사이버대학(대학),사립,서울,기존,경희사이버대학교 ,3000.0,3000.0,2762.0,854.0,1280.0,71.1,0.9
34,2019,대학교,사립,대구,기존,계명대학교 ,4605.0,4609.0,33264.0,2060.0,2538.0,99.8,7.2
35,2019,대학교,사립,서울,기존,고려대학교 ,3799.0,3797.0,30419.0,1944.0,1846.0,99.8,8.0
36,2019,대학교,사립,세종,기존,고려대학교(세종) _분교,1318.0,1326.0,17218.0,789.0,534.0,99.8,13.0
37,2019,사이버대학(대학),사립,서울,기존,고려사이버대학교 ,2500.0,2500.0,2830.0,980.0,816.0,71.8,1.1
38,2019,대학교,사립,부산,기존,고신대학교 ,886.0,886.0,4750.0,380.0,506.0,100.0,5.4
39,2019,교육대학,국립,충남,기존,공주교육대학교 ,354.0,354.0,1398.0,124.0,230.0,100.0,3.9
40,2019,대학교,국립,충남,기존,공주대학교 ,2730.0,2734.0,24451.0,1327.0,1403.0,99.9,8.9
41,2019,대학교,사립,광주,기존,광신대학교 ,122.0,124.0,189.0,56.0,66.0,98.4,1.5
42,2019,대학교,사립,서울,기존,광운대학교 ,1684.0,1687.0,23508.0,1120.0,564.0,99.8,13.9
43,2019,대학교,사립,전남,기존,광주가톨릭대학교 ,40.0,40.0,30.0,28.0,1.0,72.5,0.8
44,2019,대학교,특별법법인,광주,기존,광주과학기술원 ,200.0,200.0,2985.0,159.0,37.0,98.0,14.9
45,2019,교육대학,국립,광주,기존,광주교육대학교 ,326.0,327.0,1604.0,131.0,195.0,99.7,4.9
46,2019,대학교,사립,광주,기존,광주대학교 ,1644.0,1647.0,10259.0,798.0,839.0,99.4,6.2
47,2019,대학교,사립,광주,기존,광주여자대학교 ,895.0,896.0,5230.0,0.0,896.0,100.0,5.8
48,2019,대학교,사립,서울,기존,국민대학교 ,2863.0,2869.0,27552.0,1562.0,1301.0,99.8,9.6
49,2019,사이버대학(대학),사립,경기,기존,국제사이버대학교 ,900.0,900.0,1291.0,337.0,549.0,98.4,1.4
50,2019,대학교,국립,전북,기존,군산대학교 ,1735.0,1735.0,8952.0,1095.0,636.0,99.8,5.2
51,2019,대학교,사립,충북,기존,극동대학교 ,935.0,938.0,8623.0,534.0,404.0,100.0,9.2
52,2019,사이버대학(대학),사립,충남,기존,글로벌사이버대학교 ,860.0,860.0,1096.0,291.0,569.0,100.0,1.3
53,2019,대학교,사립,충남,기존,금강대학교 ,110.0,110.0,224.0,61.0,48.0,99.1,2.0
54,2019,대학교,국립,경북,기존,금오공과대학교 ,1206.0,1207.0,7836.0,891.0,314.0,99.8,6.5
55,2019,대학교,사립,경북,기존,김천대학교 ,823.0,823.0,3223.0,448.0,347.0,96.6,3.9
56,2019,대학교,사립,충남,기존,나사렛대학교 ,1211.0,1214.0,7909.0,530.0,680.0,99.7,6.5
57,2019,대학교,사립,광주,기존,남부대학교 ,705.0,708.0,4169.0,293.0,412.0,99.6,5.9
58,2019,대학교,사립,충남,기존,남서울대학교 ,2201.0,2201.0,16814.0,983.0,1215.0,99.9,7.6
59,2019,대학교,사립,경기,기존,단국대학교 ,2275.0,2281.0,33681.0,1129.0,1149.0,99.9,14.8
60,2019,대학교,사립,충남,기존,단국대학교 _제2캠퍼스,2340.0,2349.0,20435.0,992.0,1343.0,99.4,8.7
61,2019,대학교,사립,경북,기존,대구가톨릭대학교 ,2862.0,2865.0,18823.0,1374.0,1488.0,99.9,6.6
62,2019,대학교,특별법법인,대구,기존,대구경북과학기술원 ,220.0,220.0,3086.0,133.0,63.0,89.1,14.0
63,2019,교육대학,국립,대구,기존,대구교육대학교 ,383.0,383.0,1609.0,137.0,245.0,99.7,4.2
64,2019,대학교,사립,경북,기존,대구대학교 ,4059.0,4077.0,28146.0,2024.0,2040.0,99.7,6.9
65,2019,사이버대학(대학),사립,경북,기존,대구사이버대학교 ,1500.0,1500.0,1569.0,218.0,775.0,66.2,1.0
66,2019,대학교,사립,경북,기존,대구예술대학교 ,430.0,430.0,1239.0,170.0,150.0,74.4,2.9
67,2019,대학교,사립,경북,기존,대구한의대학교 ,1518.0,1518.0,13362.0,707.0,811.0,100.0,8.8
68,2019,대학교,사립,경북,기존,대신대학교 ,116.0,116.0,233.0,49.0,67.0,100.0,2.0
69,2019,대학교,사립,세종,기존,대전가톨릭대학교 ,40.0,40.0,14.0,12.0,0.0,30.0,0.4
70,2019,대학교,사립,대전,기존,대전대학교 ,2080.0,2086.0,16943.0,1049.0,1028.0,99.6,8.1
71,2019,대학교,사립,대전,기존,대전신학대학교 ,60.0,60.0,37.0,8.0,9.0,28.3,0.6
72,2019,대학교,사립,경기,기존,대진대학교 ,1793.0,1801.0,12847.0,934.0,867.0,100.0,7.1
73,2019,대학교,사립,서울,기존,덕성여자대학교 ,1161.0,1165.0,13623.0,0.0,1162.0,99.7,11.7
74,2019,대학교,사립,서울,기존,동국대학교 ,2685.0,2700.0,42346.0,1359.0,1310.0,98.9,15.7
75,2019,대학교,사립,경북,기존,동국대학교(경주) _분교,1754.0,1761.0,12062.0,913.0,838.0,99.4,6.8
76,2019,대학교,사립,서울,기존,동덕여자대학교 ,1507.0,1514.0,20554.0,0.0,1507.0,99.5,13.6
77,2019,대학교,사립,부산,기존,동명대학교 ,1818.0,1817.0,14173.0,1157.0,659.0,99.9,7.8
78,2019,대학교,사립,부산,기존,동서대학교 ,2435.0,2432.0,16434.0,1200.0,1237.0,100.2,6.8
79,2019,대학교,사립,전남,기존,동신대학교 ,1548.0,1551.0,9272.0,874.0,675.0,99.9,6.0
80,2019,대학교,사립,부산,기존,동아대학교 ,4058.0,4063.0,27904.0,1905.0,2144.0,99.7,6.9
81,2019,대학교,사립,경북,기존,동양대학교 ,1028.0,1030.0,6431.0,709.0,321.0,100.0,6.2
82,2019,대학교,사립,부산,기존,동의대학교 ,3595.0,3594.0,24011.0,1809.0,1785.0,100.0,6.7
83,2019,사이버대학(대학),사립,서울,기존,디지털서울문화예술대학교 ,990.0,990.0,1060.0,342.0,423.0,77.3,1.1
84,2019,대학교,사립,경기,기존,루터대학교 ,85.0,85.0,441.0,33.0,52.0,100.0,5.2
85,2019,대학교,사립,경기,기존,명지대학교 ,1397.0,1398.0,17276.0,863.0,531.0,99.7,12.4
86,2019,대학교,사립,서울,기존,명지대학교 _제2캠퍼스,1263.0,1269.0,12510.0,505.0,758.0,99.5,9.9
87,2019,대학교,사립,대전,기존,목원대학교 ,1870.0,1870.0,10045.0,1007.0,862.0,99.9,5.4
88,2019,대학교,사립,전남,기존,목포가톨릭대학교 ,120.0,120.0,561.0,28.0,92.0,100.0,4.7
89,2019,대학교,국립,전남,기존,목포대학교 ,1576.0,1579.0,10291.0,886.0,687.0,99.6,6.5
90,2019,대학교,국립,전남,기존,목포해양대학교 ,691.0,696.0,2835.0,595.0,99.0,99.7,4.1
91,2019,대학교,사립,대전,기존,배재대학교 ,2048.0,2053.0,13807.0,1115.0,931.0,99.7,6.7
92,2019,대학교,사립,충남,기존,백석대학교 ,2790.0,2800.0,27613.0,1126.0,1660.0,99.5,9.9
93,2019,대학교,국립,부산,기존,부경대학교 ,3270.0,3271.0,21167.0,1682.0,1575.0,99.6,6.5
94,2019,대학교,사립,부산,기존,부산가톨릭대학교 ,916.0,913.0,6450.0,325.0,588.0,100.0,7.1
95,2019,교육대학,국립,부산,기존,부산교육대학교 ,356.0,356.0,1824.0,129.0,226.0,99.7,5.1
96,2019,대학교,국립,부산,기존,부산대학교 ,4181.0,4189.0,45254.0,2366.0,1814.0,99.8,10.8
97,2019,사이버대학(대학),사립,부산,기존,부산디지털대학교 ,1000.0,1000.0,1048.0,170.0,593.0,76.3,1.0
98,2019,대학교,사립,부산,기존,부산외국어대학교 ,1813.0,1813.0,11154.0,826.0,982.0,99.7,6.2
99,2019,대학교,사립,경남,기존,부산장신대학교 ,67.0,69.0,84.0,19.0,21.0,58.0,1.2
100,2019,사이버대학(대학),사립,서울,기존,사이버한국외국어대학교 ,1600.0,1600.0,1738.0,346.0,913.0,78.7,1.1
101,2019,대학교,사립,서울,기존,삼육대학교 ,1122.0,1126.0,15464.0,513.0,614.0,100.1,13.7
102,2019,대학교,사립,서울,기존,상명대학교 ,1302.0,1307.0,14110.0,634.0,671.0,99.8,10.8
103,2019,대학교,사립,충남,기존,상명대학교 _제2캠퍼스,1305.0,1307.0,15051.0,512.0,793.0,99.8,11.5
104,2019,대학교,사립,강원,기존,상지대학교 ,1707.0,1727.0,8536.0,1073.0,621.0,98.1,4.9
105,2019,대학교,사립,서울,기존,서강대학교 ,1574.0,1582.0,45347.0,915.0,654.0,99.2,28.7
106,2019,대학교,사립,서울,기존,서경대학교 ,1269.0,1273.0,26693.0,632.0,635.0,99.5,21.0
107,2019,대학교,국립,서울,기존,서울과학기술대학교 ,2067.0,2077.0,27481.0,1323.0,746.0,99.6,13.2
108,2019,교육대학,국립,서울,기존,서울교육대학교 ,355.0,355.0,1312.0,99.0,254.0,99.4,3.7
109,2019,대학교,사립,서울,기존,서울기독대학교 ,136.0,136.0,516.0,49.0,76.0,91.9,3.8
110,2019,대학교,국립대법인,서울,기존,서울대학교 ,3130.0,3137.0,21043.0,1927.0,1195.0,99.5,6.7
111,2019,사이버대학(대학),사립,서울,기존,서울디지털대학교 ,3000.0,3000.0,2552.0,707.0,1010.0,57.2,0.9
112,2019,사이버대학(대학),사립,서울,기존,서울사이버대학교 ,3270.0,3270.0,3514.0,962.0,1277.0,68.5,1.1
113,2019,대학교,공립,서울,기존,서울시립대학교 ,1697.0,1708.0,23011.0,1016.0,666.0,98.5,13.5
114,2019,대학교,사립,경기,기존,서울신학대학교 ,502.0,505.0,3337.0,176.0,329.0,100.0,6.6
115,2019,대학교,사립,서울,기존,서울여자대학교 ,1592.0,1594.0,31382.0,0.0,1590.0,99.7,19.7
116,2019,대학교,사립,경기,기존,서울장신대학교 ,113.0,113.0,305.0,64.0,49.0,100.0,2.7
117,2019,대학교,사립,서울,기존,서울한영대학교 ,180.0,180.0,934.0,61.0,117.0,98.9,5.2
118,2019,대학교,사립,충북,기존,서원대학교 ,1622.0,1625.0,11976.0,838.0,782.0,99.7,7.4
119,2019,대학교,사립,충남,기존,선문대학교 ,2053.0,2057.0,12242.0,1206.0,853.0,100.1,6.0
120,2019,대학교,사립,경기,기존,성결대학교 ,1228.0,1228.0,14468.0,529.0,697.0,99.8,11.8
121,2019,대학교,사립,서울,기존,성공회대학교 ,502.0,504.0,2641.0,216.0,286.0,99.6,5.2
122,2019,대학교,사립,서울,기존,성균관대학교 ,3303.0,3308.0,71581.0,1869.0,1430.0,99.7,21.6
123,2019,대학교,사립,서울,기존,성신여자대학교 ,2060.0,2061.0,26393.0,0.0,2058.0,99.9,12.8
124,2019,대학교,사립,충북,기존,세명대학교 ,1880.0,1885.0,11347.0,960.0,922.0,99.8,6.0
125,2019,대학교,사립,서울,기존,세종대학교 ,2320.0,2331.0,30727.0,1282.0,1036.0,99.4,13.2
126,2019,사이버대학(대학),사립,서울,기존,세종사이버대학교 ,2180.0,2180.0,3458.0,868.0,1108.0,90.6,1.6
127,2019,대학교,사립,전남,기존,세한대학교 ,914.0,914.0,6148.0,538.0,375.0,99.9,6.7
128,2019,대학교,사립,광주,기존,송원대학교 ,800.0,800.0,4079.0,434.0,357.0,98.9,5.1
129,2019,대학교,사립,경기,기존,수원가톨릭대학교 ,90.0,90.0,54.0,33.0,0.0,36.7,0.6
130,2019,대학교,사립,경기,기존,수원대학교 ,2196.0,2204.0,29056.0,1036.0,1165.0,99.9,13.2
131,2019,대학교,사립,서울,기존,숙명여자대학교 ,2110.0,2117.0,22772.0,0.0,2107.0,99.5,10.8
132,2019,각종학교(대학),사립,충북,기존,순복음총회신학교 ,79.0,79.0,148.0,33.0,7.0,50.6,1.9
133,2019,대학교,국립,전남,기존,순천대학교 ,1588.0,1598.0,8594.0,803.0,780.0,99.1,5.4
134,2019,대학교,사립,충남,기존,순천향대학교 ,2352.0,2358.0,18509.0,1174.0,1176.0,99.7,7.8
135,2019,대학교,사립,서울,기존,숭실대학교 ,2675.0,2680.0,35749.0,1499.0,1175.0,99.8,13.3
136,2019,사이버대학(대학),사립,서울,기존,숭실사이버대학교 ,1650.0,1650.0,1689.0,550.0,662.0,73.5,1.0
137,2019,대학교,사립,경기,기존,신경대학교 ,246.0,240.0,1895.0,138.0,76.0,89.2,7.9
138,2019,대학교,사립,부산,기존,신라대학교 ,2143.0,2141.0,14481.0,1113.0,1028.0,100.0,6.8
139,2019,대학교,사립,경기,기존,신한대학교 ,316.0,320.0,3608.0,155.0,161.0,98.8,11.3
140,2019,대학교,사립,경기,기존,신한대학교 _제2캠퍼스,1137.0,1143.0,12890.0,460.0,680.0,99.7,11.3
141,2019,대학교,사립,경기,기존,아신대학교 ,186.0,188.0,285.0,77.0,75.0,80.9,1.5
142,2019,대학교,사립,경기,기존,아주대학교 ,1861.0,1863.0,33620.0,1101.0,748.0,99.2,18.0
143,2019,대학교,국립,경북,기존,안동대학교 ,1456.0,1462.0,7617.0,876.0,573.0,99.1,5.2
144,2019,대학교,사립,경기,기존,안양대학교 ,1009.0,1016.0,10290.0,467.0,534.0,98.5,10.1
145,2019,대학교,사립,인천,기존,안양대학교 _제2캠퍼스,122.0,122.0,753.0,76.0,46.0,100.0,6.2
146,2019,대학교,사립,서울,기존,연세대학교 ,3417.0,3392.0,56065.0,1816.0,1562.0,99.6,16.5
147,2019,대학교,사립,강원,기존,연세대학교(미래) _분교,1466.0,1470.0,13233.0,783.0,673.0,99.0,9.0
148,2019,대학교,사립,경북,기존,영남대학교 ,4552.0,4562.0,25851.0,2345.0,2199.0,99.6,5.7
149,2019,대학교,사립,경북,기존,영남신학대학교 ,115.0,115.0,210.0,47.0,68.0,100.0,1.8
150,2019,대학교,사립,경남,기존,영산대학교 ,680.0,681.0,4955.0,413.0,263.0,99.3,7.3
151,2019,대학교,사립,부산,기존,영산대학교 _제2캠퍼스,820.0,824.0,4343.0,395.0,427.0,99.8,5.3
152,2019,대학교,사립,전남,기존,영산선학대학교 ,50.0,50.0,5.0,5.0,0.0,10.0,0.1
153,2019,대학교,사립,전북,기존,예수대학교 ,124.0,124.0,613.0,29.0,94.0,99.2,4.9
154,2019,대학교,사립,전북,기존,예원예술대학교 ,207.0,209.0,1018.0,90.0,115.0,98.1,4.9
155,2019,대학교,사립,경기,기존,예원예술대학교 _제2캠퍼스,99.0,99.0,913.0,26.0,73.0,100.0,9.2
156,2019,대학교,사립,경기,기존,용인대학교 ,1403.0,1413.0,13362.0,768.0,637.0,99.4,9.5
157,2019,대학교,사립,전북,기존,우석대학교 ,1715.0,1724.0,11027.0,1029.0,684.0,99.4,6.4
158,2019,대학교,사립,대전,기존,우송대학교 ,2004.0,2011.0,18168.0,1069.0,933.0,99.6,9.0
159,2019,대학교,특별법법인,울산,기존,울산과학기술원 ,360.0,360.0,3600.0,265.0,101.0,101.7,10.0
160,2019,대학교,사립,울산,기존,울산대학교 ,2732.0,2735.0,16902.0,1391.0,1334.0,99.6,6.2
161,2019,대학교,사립,전북,기존,원광대학교 ,3526.0,3530.0,21271.0,2102.0,1408.0,99.4,6.0
162,2019,사이버대학(대학),사립,전북,기존,원광디지털대학교 ,1500.0,1500.0,1620.0,352.0,942.0,86.3,1.1
163,2019,대학교,사립,경북,기존,위덕대학교 ,825.0,825.0,2778.0,385.0,395.0,94.5,3.4
164,2019,대학교,사립,충북,기존,유원대학교 ,970.0,975.0,5062.0,620.0,338.0,98.3,5.2
165,2019,대학교,사립,대전,기존,을지대학교 ,147.0,147.0,2131.0,52.0,96.0,100.7,14.5
166,2019,대학교,사립,경기,기존,을지대학교 _제2캠퍼스,882.0,884.0,13509.0,271.0,611.0,99.8,15.3
167,2019,대학교,사립,서울,기존,이화여자대학교 ,3027.0,3034.0,31452.0,0.0,3025.0,99.7,10.4
168,2019,대학교,사립,경남,기존,인제대학교 ,2088.0,2081.0,9485.0,1186.0,896.0,100.0,4.6
169,2019,대학교,사립,부산,기존,인제대학교 _제2캠퍼스,80.0,80.0,520.0,9.0,71.0,100.0,6.5
170,2019,대학교,사립,인천,기존,인천가톨릭대학교 ,16.0,16.0,21.0,12.0,3.0,93.8,1.3
171,2019,대학교,사립,인천,기존,인천가톨릭대학교 _제2캠퍼스,150.0,150.0,1442.0,29.0,121.0,100.0,9.6
172,2019,대학교,국립대법인,인천,기존,인천대학교 ,2492.0,2497.0,21894.0,1437.0,1053.0,99.7,8.8
173,2019,대학교,사립,인천,기존,인하대학교 ,3411.0,3412.0,60214.0,1970.0,1435.0,99.8,17.6
174,2019,대학교,사립,서울,기존,장로회신학대학교 ,150.0,150.0,543.0,76.0,74.0,100.0,3.6
175,2019,대학교,국립,광주,기존,전남대학교 ,3143.0,3145.0,20810.0,1555.0,1586.0,99.9,6.6
176,2019,대학교,국립,전남,기존,전남대학교 _제2캠퍼스,747.0,751.0,4969.0,474.0,273.0,99.5,6.6
177,2019,대학교,국립,전북,기존,전북대학교 ,3818.0,3825.0,27941.0,2156.0,1654.0,99.6,7.3
178,2019,교육대학,국립,전북,기존,전주교육대학교 ,285.0,286.0,838.0,116.0,167.0,99.0,2.9
179,2019,대학교,사립,전북,기존,전주대학교 ,2512.0,2517.0,16825.0,1269.0,1239.0,99.6,6.7
180,2019,기술대학,사립,서울,기존,정석대학 ,25.0,100.0,29.0,23.0,6.0,29.0,0.3
181,2019,대학교,사립,제주,기존,제주국제대학교 ,630.0,630.0,689.0,210.0,52.0,41.6,1.1
182,2019,대학교,국립,제주,기존,제주대학교 ,2110.0,2128.0,13268.0,1033.0,1086.0,99.6,6.2
183,2019,대학교,사립,광주,기존,조선대학교 ,4361.0,4365.0,20050.0,2307.0,2037.0,99.5,4.6
184,2019,대학교,사립,충남,기존,중부대학교 ,1945.0,1945.0,19128.0,958.0,987.0,100.0,9.8
185,2019,대학교,사립,서울,기존,중앙대학교 ,3150.0,3172.0,77799.0,1612.0,1543.0,99.5,24.5
186,2019,대학교,사립,경기,기존,중앙대학교 _제2캠퍼스,1168.0,1172.0,10326.0,483.0,681.0,99.3,8.8
187,2019,대학교,사립,경기,기존,중앙승가대학교 ,120.0,122.0,39.0,22.0,14.0,29.5,0.3
188,2019,대학교,사립,충북,기존,중원대학교 ,968.0,974.0,6247.0,641.0,322.0,98.9,6.4
189,2019,교육대학,국립,경남,기존,진주교육대학교 ,319.0,319.0,2046.0,112.0,207.0,100.0,6.4
190,2019,대학교,사립,경기,기존,차의과학대학교 ,474.0,475.0,2777.0,150.0,324.0,99.8,5.8
191,2019,대학교,사립,경남,기존,창신대학교 ,500.0,500.0,3202.0,235.0,265.0,100.0,6.4
192,2019,대학교,국립,경남,기존,창원대학교 ,1754.0,1761.0,12374.0,906.0,846.0,99.5,7.0
193,2019,산업대학,사립,충남,기존,청운대학교 ,1295.0,1306.0,11847.0,658.0,642.0,99.5,9.1
194,2019,교육대학,국립,충북,기존,청주교육대학교 ,286.0,286.0,2038.0,107.0,177.0,99.3,7.1
195,2019,대학교,사립,충북,기존,청주대학교 ,2632.0,2649.0,19832.0,1405.0,1224.0,99.2,7.5
196,2019,대학교,사립,전남,기존,초당대학교 ,752.0,754.0,5022.0,458.0,293.0,99.6,6.7
197,2019,대학교,사립,서울,기존,총신대학교 ,360.0,361.0,1573.0,145.0,216.0,100.0,4.4
198,2019,대학교,사립,서울,기존,추계예술대학교 ,269.0,269.0,3442.0,72.0,195.0,99.3,12.8
199,2019,교육대학,국립,강원,기존,춘천교육대학교 ,321.0,321.0,1797.0,119.0,202.0,100.0,5.6
200,2019,대학교,국립,대전,기존,충남대학교 ,3425.0,3433.0,28086.0,1868.0,1554.0,99.7,8.2
201,2019,대학교,국립,충북,기존,충북대학교 ,2738.0,2741.0,24740.0,1589.0,1141.0,99.6,9.0
202,2019,대학교,사립,경기,기존,칼빈대학교 ,90.0,95.0,273.0,55.0,36.0,95.8,2.9
203,2019,대학교,사립,서울,기존,케이씨대학교 ,277.0,281.0,1942.0,111.0,169.0,99.6,6.9
204,2019,대학교,사립,경기,기존,평택대학교 ,855.0,853.0,9256.0,437.0,409.0,99.2,10.9
205,2019,대학교,사립,경북,기존,포항공과대학교 ,320.0,320.0,2334.0,233.0,75.0,96.3,7.3
206,2019,대학교,국립,경기,기존,한경대학교 ,1202.0,1210.0,7771.0,703.0,497.0,99.2,6.4
207,2019,대학교,사립,경기,기존,한국공학대학교 ,1380.0,1385.0,20818.0,1033.0,343.0,99.4,15.0
208,2019,대학교,특별법법인,대전,기존,한국과학기술원 ,970.0,710.0,4970.0,551.0,150.0,98.7,7.0
209,2019,대학교,국립,충북,기존,한국교원대학교 ,546.0,547.0,2809.0,217.0,327.0,99.5,5.1
210,2019,대학교,국립,충북,기존,한국교통대학교 ,1911.0,1917.0,13712.0,1299.0,614.0,99.8,7.2
211,2019,대학교,사립,경남,기존,한국국제대학교 ,664.0,664.0,1917.0,152.0,131.0,42.6,2.9
212,2019,대학교,사립,충남,기존,한국기술교육대학교 ,836.0,837.0,5465.0,667.0,170.0,100.0,6.5
213,2019,방송통신대학,국립,서울,기존,한국방송통신대학교 ,55200.0,55200.0,17338.0,5048.0,9282.0,26.0,0.3
214,2019,대학교,사립,서울,기존,한국성서대학교 ,223.0,222.0,1502.0,85.0,139.0,100.9,6.8
215,2019,사이버대학(대학),사립,서울,기존,한국열린사이버대학교 ,1000.0,1000.0,1536.0,271.0,728.0,99.9,1.5
216,2019,각종학교(대학),특별법국립,서울,기존,한국예술종합학교 ,558.0,558.0,13067.0,178.0,358.0,96.1,23.4
217,2019,대학교,사립,서울,기존,한국외국어대학교 ,3377.0,3407.0,40469.0,1308.0,2051.0,98.6,11.9
218,2019,대학교,특별법국립,충남,기존,한국전통문화대학교 ,140.0,140.0,938.0,44.0,96.0,100.0,6.7
219,2019,대학교,국립,서울,기존,한국체육대학교 ,545.0,547.0,1978.0,330.0,217.0,100.0,3.6
220,2019,대학교,사립,대전,기존,한국침례신학대학교 ,360.0,360.0,302.0,133.0,169.0,83.9,0.8
221,2019,대학교,사립,경기,기존,한국항공대학교 ,827.0,831.0,8955.0,647.0,181.0,99.6,10.8
222,2019,대학교,국립,부산,기존,한국해양대학교 ,1440.0,1441.0,8083.0,1052.0,389.0,100.0,5.6
223,2019,대학교,사립,대전,기존,한남대학교 ,2675.0,2679.0,14228.0,1193.0,1486.0,100.0,5.3
224,2019,대학교,사립,경북,기존,한동대학교 ,729.0,731.0,3220.0,328.0,403.0,100.0,4.4
225,2019,대학교,사립,강원,기존,한라대학교 ,895.0,896.0,3883.0,650.0,238.0,99.1,4.3
226,2019,대학교,사립,전남,기존,한려대학교 ,316.0,316.0,534.0,51.0,22.0,23.1,1.7
227,2019,대학교,사립,강원,기존,한림대학교 ,1711.0,1719.0,10370.0,830.0,885.0,99.8,6.0
228,2019,대학교,국립,대전,기존,한밭대학교 ,1846.0,1847.0,11423.0,1158.0,682.0,99.6,6.2
229,2019,대학교,사립,충남,기존,한서대학교 ,1579.0,1575.0,19143.0,913.0,660.0,99.9,12.2
230,2019,대학교,사립,서울,기존,한성대학교 ,1458.0,1462.0,18299.0,748.0,709.0,99.7,12.5
231,2019,대학교,사립,경기,기존,한세대학교 ,566.0,568.0,6311.0,213.0,353.0,99.6,11.1
232,2019,대학교,사립,경기,기존,한신대학교 ,1171.0,1175.0,11687.0,556.0,617.0,99.8,9.9
233,2019,대학교,사립,서울,기존,한양대학교 ,2804.0,2814.0,59093.0,1672.0,1122.0,99.3,21.0
234,2019,대학교,사립,경기,기존,한양대학교(ERICA) _분교,1822.0,1829.0,38653.0,1002.0,809.0,99.0,21.1
235,2019,사이버대학(대학),사립,서울,기존,한양사이버대학교 ,3240.0,3240.0,4080.0,1476.0,1396.0,88.6,1.3
236,2019,대학교,사립,전북,기존,한일장신대학교 ,219.0,219.0,578.0,117.0,100.0,99.1,2.6
237,2019,대학교,사립,경기,기존,협성대학교 ,1004.0,1010.0,8896.0,426.0,581.0,99.7,8.8
238,2019,대학교,사립,광주,기존,호남대학교 ,1562.0,1564.0,11511.0,748.0,812.0,99.7,7.4
239,2019,대학교,사립,광주,기존,호남신학대학교 ,139.0,139.0,225.0,53.0,86.0,100.0,1.6
240,2019,대학교,사립,충남,기존,호서대학교 ,2881.0,2890.0,25476.0,1614.0,1269.0,99.8,8.8
241,2019,산업대학,사립,전북,기존,호원대학교 ,1147.0,1125.0,14257.0,637.0,478.0,99.1,12.7
242,2019,대학교,사립,서울,기존,홍익대학교 ,2371.0,2408.0,29748.0,1304.0,1098.0,99.8,12.4
243,2019,대학교,사립,세종,기존,홍익대학교 _제2캠퍼스,1299.0,1321.0,9829.0,648.0,665.0,99.4,7.4
244,2019,사이버대학(대학),사립,부산,기존,화신사이버대학교 ,430.0,430.0,948.0,118.0,237.0,82.6,2.2
